{"stats":{"minecraft:mined":{"minecraft:short_grass":6,"minecraft:grass_block":13,"minecraft:poppy":5,"minecraft:dirt":1,"minecraft:tall_grass":1},"minecraft:picked_up":{"minecraft:apple":9,"minecraft:leather":4,"minecraft:potato":4,"minecraft:beef":1,"minecraft:emerald":1,"minecraft:poppy":5,"minecraft:dirt":14},"minecraft:used":{"minecraft:apple":2,"minecraft:dirt":13,"minecraft:poppy":5},"minecraft:dropped":{"minecraft:dirt":1},"minecraft:custom":{"minecraft:time_since_rest":37424,"minecraft:sprint_one_cm":14260,"minecraft:play_time":37424,"minecraft:damage_taken":200,"minecraft:walk_one_cm":21436,"minecraft:mob_kills":2,"minecraft:drop":1,"minecraft:jump":119,"minecraft:damage_dealt":869,"minecraft:leave_game":2,"minecraft:time_since_death":37424,"minecraft:total_world_time":37424,"minecraft:player_kills":2,"minecraft:fall_one_cm":3164,"minecraft:fly_one_cm":27970},"minecraft:killed":{"minecraft:horse":2,"minecraft:player":2}},"DataVersion":3700}