{"stats":{"minecraft:killed_by":{"minecraft:player":6,"minecraft:spider":1},"minecraft:used":{"minecraft:oak_log":1,"minecraft:apple":2,"minecraft:poppy":6,"minecraft:dirt":18,"minecraft:anvil":2,"minecraft:carrot":1},"minecraft:picked_up":{"minecraft:leather":4,"minecraft:potato":4,"minecraft:oak_log":1,"minecraft:carrot":1,"minecraft:dirt":22,"minecraft:apple":9,"minecraft:beef":1,"minecraft:emerald":1,"minecraft:poppy":6},"minecraft:dropped":{"minecraft:dirt":1,"minecraft:netherite_pickaxe":1},"minecraft:custom":{"minecraft:time_since_rest":5034,"minecraft:sprint_one_cm":35523,"minecraft:damage_taken":2460,"minecraft:walk_one_cm":57533,"minecraft:interact_with_anvil":2,"minecraft:mob_kills":2,"minecraft:drop":2,"minecraft:damage_dealt":1016,"minecraft:talked_to_villager":1,"minecraft:fly_one_cm":113513,"minecraft:player_kills":2,"minecraft:crouch_one_cm":1854,"minecraft:play_time":86326,"minecraft:deaths":8,"minecraft:sneak_time":42,"minecraft:walk_under_water_one_cm":1914,"minecraft:jump":292,"minecraft:leave_game":5,"minecraft:walk_on_water_one_cm":179,"minecraft:time_since_death":4649,"minecraft:total_world_time":86326,"minecraft:fall_one_cm":10959},"minecraft:killed":{"minecraft:horse":2,"minecraft:player":2},"minecraft:mined":{"minecraft:short_grass":10,"minecraft:grass_block":19,"minecraft:oak_log":1,"minecraft:poppy":6,"minecraft:dirt_path":2,"minecraft:dirt":1,"minecraft:tall_grass":1}},"DataVersion":3700}