{"stats":{"minecraft:mined":{"minecraft:oak_log":1,"minecraft:short_grass":7,"minecraft:grass_block":13,"minecraft:poppy":6,"minecraft:dirt":1,"minecraft:tall_grass":1},"minecraft:picked_up":{"minecraft:apple":9,"minecraft:leather":4,"minecraft:potato":4,"minecraft:beef":1,"minecraft:oak_log":1,"minecraft:emerald":1,"minecraft:poppy":6,"minecraft:carrot":1,"minecraft:dirt":14},"minecraft:used":{"minecraft:oak_log":1,"minecraft:apple":2,"minecraft:dirt":13,"minecraft:carrot":1,"minecraft:poppy":6},"minecraft:killed_by":{"minecraft:player":4},"minecraft:dropped":{"minecraft:dirt":1},"minecraft:custom":{"minecraft:time_since_rest":20821,"minecraft:deaths":4,"minecraft:sprint_one_cm":28969,"minecraft:play_time":61424,"minecraft:damage_taken":1574,"minecraft:walk_one_cm":40119,"minecraft:mob_kills":2,"minecraft:drop":1,"minecraft:jump":229,"minecraft:damage_dealt":984,"minecraft:leave_game":2,"minecraft:time_since_death":20794,"minecraft:total_world_time":61424,"minecraft:player_kills":2,"minecraft:fall_one_cm":7100,"minecraft:fly_one_cm":51042},"minecraft:killed":{"minecraft:horse":2,"minecraft:player":2}},"DataVersion":3700}