{"stats":{"minecraft:killed_by":{"minecraft:player":8,"minecraft:spider":1,"minecraft:zombie":2},"minecraft:used":{"minecraft:oak_log":1,"minecraft:apple":2,"minecraft:spawner":64,"minecraft:netherite_axe":37,"minecraft:poppy":6,"minecraft:zombie_spawn_egg":57,"minecraft:dirt":18,"minecraft:anvil":4,"minecraft:bow":36,"minecraft:end_crystal":4,"minecraft:netherite_pickaxe":20,"minecraft:carrot":1,"minecraft:enchanted_golden_apple":2,"minecraft:obsidian":3},"minecraft:picked_up":{"minecraft:glow_ink_sac":125,"minecraft:anvil":2,"minecraft:leather":4,"minecraft:potato":4,"minecraft:enchanted_book":5,"minecraft:oak_log":1,"minecraft:gunpowder":6,"minecraft:carrot":1,"minecraft:netherite_pickaxe":1,"minecraft:spider_eye":1,"minecraft:dirt":89,"minecraft:tnt":64,"minecraft:zombie_head":1,"minecraft:rotten_flesh":18,"minecraft:apple":9,"minecraft:wheat_seeds":5,"minecraft:netherite_sword":1,"minecraft:beef":1,"minecraft:netherite_axe":3,"minecraft:emerald":1,"minecraft:poppy":6,"minecraft:enchanted_golden_apple":63},"minecraft:dropped":{"minecraft:dirt":1,"minecraft:netherite_pickaxe":2,"minecraft:netherite_axe":1,"minecraft:enchanted_golden_apple":31},"minecraft:custom":{"minecraft:time_since_rest":4681,"minecraft:sprint_one_cm":44652,"minecraft:damage_absorbed":76,"minecraft:damage_taken":4214,"minecraft:walk_one_cm":131257,"minecraft:interact_with_anvil":10,"minecraft:mob_kills":15,"minecraft:drop":6,"minecraft:damage_dealt":3425,"minecraft:talked_to_villager":1,"minecraft:fly_one_cm":170715,"minecraft:player_kills":4,"minecraft:crouch_one_cm":1994,"minecraft:play_time":134326,"minecraft:deaths":14,"minecraft:sneak_time":79,"minecraft:walk_under_water_one_cm":1914,"minecraft:jump":436,"minecraft:leave_game":5,"minecraft:walk_on_water_one_cm":179,"minecraft:time_since_death":4437,"minecraft:damage_resisted":116,"minecraft:total_world_time":134326,"minecraft:fall_one_cm":14232},"minecraft:killed":{"minecraft:horse":2,"minecraft:zombie":9,"minecraft:endermite":1,"minecraft:player":4,"minecraft:creeper":1},"minecraft:mined":{"minecraft:short_grass":11,"minecraft:grass_block":22,"minecraft:oak_log":1,"minecraft:poppy":6,"minecraft:dirt_path":2,"minecraft:zombie_head":1,"minecraft:dirt":1,"minecraft:tall_grass":5,"minecraft:spawner":19}},"DataVersion":3700}