{"stats":{"minecraft:mined":{"minecraft:tall_grass":1,"minecraft:short_grass":6,"minecraft:grass_block":9,"minecraft:poppy":5,"minecraft:dirt":1},"minecraft:picked_up":{"minecraft:poppy":5,"minecraft:leather":2,"minecraft:dirt":10},"minecraft:used":{"minecraft:poppy":5,"minecraft:dirt":9},"minecraft:custom":{"minecraft:jump":88,"minecraft:time_since_rest":25424,"minecraft:damage_dealt":469,"minecraft:leave_game":2,"minecraft:play_time":25424,"minecraft:sprint_one_cm":11855,"minecraft:time_since_death":25424,"minecraft:walk_one_cm":12109,"minecraft:total_world_time":25424,"minecraft:mob_kills":2,"minecraft:fall_one_cm":2955,"minecraft:fly_one_cm":22529,"minecraft:damage_taken":40},"minecraft:killed":{"minecraft:horse":2}},"DataVersion":3700}