{"stats":{"minecraft:killed_by":{"minecraft:player":6,"minecraft:spider":1,"minecraft:zombie":1},"minecraft:used":{"minecraft:oak_log":1,"minecraft:apple":2,"minecraft:spawner":43,"minecraft:netherite_axe":35,"minecraft:poppy":6,"minecraft:zombie_spawn_egg":46,"minecraft:dirt":18,"minecraft:anvil":4,"minecraft:netherite_pickaxe":3,"minecraft:carrot":1,"minecraft:enchanted_golden_apple":2},"minecraft:picked_up":{"minecraft:anvil":2,"minecraft:leather":4,"minecraft:potato":4,"minecraft:enchanted_book":1,"minecraft:oak_log":1,"minecraft:gunpowder":2,"minecraft:carrot":1,"minecraft:netherite_pickaxe":1,"minecraft:dirt":23,"minecraft:zombie_head":1,"minecraft:rotten_flesh":16,"minecraft:apple":9,"minecraft:wheat_seeds":2,"minecraft:beef":1,"minecraft:netherite_axe":3,"minecraft:emerald":1,"minecraft:poppy":6,"minecraft:enchanted_golden_apple":63},"minecraft:dropped":{"minecraft:dirt":1,"minecraft:netherite_pickaxe":2,"minecraft:netherite_axe":1,"minecraft:enchanted_golden_apple":31},"minecraft:custom":{"minecraft:time_since_rest":8343,"minecraft:sprint_one_cm":39283,"minecraft:damage_absorbed":76,"minecraft:damage_taken":3253,"minecraft:walk_one_cm":97821,"minecraft:interact_with_anvil":7,"minecraft:mob_kills":12,"minecraft:drop":6,"minecraft:damage_dealt":3229,"minecraft:talked_to_villager":1,"minecraft:fly_one_cm":121096,"minecraft:player_kills":3,"minecraft:crouch_one_cm":1994,"minecraft:play_time":98326,"minecraft:deaths":9,"minecraft:sneak_time":75,"minecraft:walk_under_water_one_cm":1914,"minecraft:jump":371,"minecraft:leave_game":5,"minecraft:walk_on_water_one_cm":179,"minecraft:time_since_death":8319,"minecraft:damage_resisted":71,"minecraft:total_world_time":98326,"minecraft:fall_one_cm":11626},"minecraft:killed":{"minecraft:horse":2,"minecraft:zombie":8,"minecraft:endermite":1,"minecraft:player":3,"minecraft:creeper":1},"minecraft:mined":{"minecraft:short_grass":11,"minecraft:grass_block":21,"minecraft:oak_log":1,"minecraft:poppy":6,"minecraft:dirt_path":2,"minecraft:zombie_head":1,"minecraft:dirt":1,"minecraft:tall_grass":5,"minecraft:spawner":3}},"DataVersion":3700}