{"stats":{"minecraft:used":{"minecraft:trident":24,"minecraft:bedrock":15,"minecraft:ender_pearl":10,"minecraft:bow":5,"minecraft:command_block":2},"minecraft:custom":{"minecraft:jump":37,"minecraft:time_since_rest":36209,"minecraft:damage_dealt":10,"minecraft:crouch_one_cm":378,"minecraft:leave_game":3,"minecraft:play_time":36209,"minecraft:sprint_one_cm":3316,"minecraft:damage_taken":170,"minecraft:time_since_death":36209,"minecraft:walk_one_cm":12257,"minecraft:sneak_time":157,"minecraft:total_world_time":36209,"minecraft:fall_one_cm":806,"minecraft:fly_one_cm":21098},"minecraft:picked_up":{"minecraft:acacia_hanging_sign":1}},"DataVersion":3700}