{"stats":{"minecraft:killed":{"minecraft:zombie_villager":1},"minecraft:used":{"minecraft:oak_leaves":12,"minecraft:iron_sword":4,"minecraft:birch_leaves":3,"minecraft:grass_block":7},"minecraft:custom":{"minecraft:jump":152,"minecraft:time_since_rest":22370,"minecraft:damage_dealt":260,"minecraft:damage_taken":90,"minecraft:crouch_one_cm":589,"minecraft:leave_game":2,"minecraft:play_time":22370,"minecraft:sprint_one_cm":12762,"minecraft:time_since_death":22370,"minecraft:walk_on_water_one_cm":390,"minecraft:walk_one_cm":6473,"minecraft:sneak_time":341,"minecraft:total_world_time":22370,"minecraft:walk_under_water_one_cm":680,"minecraft:mob_kills":1,"minecraft:swim_one_cm":1911,"minecraft:fall_one_cm":5991,"minecraft:fly_one_cm":113956},"minecraft:picked_up":{"minecraft:rotten_flesh":2}},"DataVersion":3700}