{"stats":{"minecraft:mined":{"minecraft:smoker":1,"minecraft:brewing_stand":1,"minecraft:crafting_table":6,"minecraft:short_grass":30,"minecraft:blast_furnace":1,"minecraft:grass_block":7,"minecraft:tall_grass":12,"minecraft:cobblestone":3,"minecraft:sugar_cane":1,"minecraft:hay_block":31,"minecraft:carrots":3,"minecraft:wheat":2,"minecraft:oak_log":107,"minecraft:dirt":9,"minecraft:stone":13,"minecraft:oak_leaves":8},"minecraft:broken":{"minecraft:stone_axe":1,"minecraft:wooden_axe":2},"minecraft:crafted":{"minecraft:oak_planks":72,"minecraft:wooden_shovel":1,"minecraft:cobblestone_slab":6,"minecraft:crafting_table":1,"minecraft:wooden_pickaxe":1,"minecraft:stone_axe":1,"minecraft:bread":78,"minecraft:stick":20,"minecraft:iron_pickaxe":1,"minecraft:stone_pickaxe":1,"minecraft:wooden_axe":4,"minecraft:oak_button":1,"minecraft:wheat":234},"minecraft:picked_up":{"minecraft:crafting_table":6,"minecraft:wheat":2,"minecraft:leather":25,"minecraft:smoker":1,"minecraft:potato":4,"minecraft:oak_log":107,"minecraft:brewing_stand":1,"minecraft:string":2,"minecraft:dirt":17,"minecraft:bone":3,"minecraft:apple":7,"minecraft:wheat_seeds":12,"minecraft:iron_ingot":9,"minecraft:beef":31,"minecraft:poppy":4,"minecraft:sugar_cane":3,"minecraft:porkchop":16,"minecraft:blast_furnace":1,"minecraft:carrot":13,"minecraft:arrow":6,"minecraft:rotten_flesh":5,"minecraft:hay_block":31,"minecraft:gray_wool":1,"minecraft:emerald":1,"minecraft:oak_button":1,"minecraft:oak_sapling":1,"minecraft:mutton":12,"minecraft:cobblestone":16,"minecraft:white_wool":7},"minecraft:used":{"minecraft:stone_pickaxe":6,"minecraft:poppy":4,"minecraft:wooden_pickaxe":13,"minecraft:dirt":9,"minecraft:crafting_table":7,"minecraft:carrot":5,"minecraft:wooden_axe":99,"minecraft:apple":3,"minecraft:bread":8,"minecraft:stone_axe":113,"minecraft:cobblestone":7,"minecraft:beef":2,"minecraft:hay_block":5,"minecraft:oak_sapling":1,"minecraft:gray_wool":1},"minecraft:killed_by":{"minecraft:player":2},"minecraft:dropped":{"minecraft:wheat_seeds":12,"minecraft:wheat":2,"minecraft:rotten_flesh":5,"minecraft:dirt":8,"minecraft:cobblestone_slab":6,"minecraft:oak_button":2,"minecraft:wooden_axe":1,"minecraft:wooden_shovel":1,"minecraft:wooden_pickaxe":1},"minecraft:custom":{"minecraft:mob_kills":42,"minecraft:interact_with_crafting_table":11,"minecraft:bell_ring":1,"minecraft:leave_game":1,"minecraft:time_since_death":27314,"minecraft:time_since_rest":27338,"minecraft:sprint_one_cm":128307,"minecraft:damage_taken":12305,"minecraft:walk_one_cm":63852,"minecraft:drop":20,"minecraft:damage_dealt":7634,"minecraft:swim_one_cm":1437,"minecraft:talked_to_villager":2,"minecraft:fly_one_cm":155840,"minecraft:player_kills":4,"minecraft:open_chest":9,"minecraft:crouch_one_cm":4356,"minecraft:play_time":37605,"minecraft:deaths":2,"minecraft:sneak_time":1261,"minecraft:walk_under_water_one_cm":67,"minecraft:jump":727,"minecraft:walk_on_water_one_cm":910,"minecraft:total_world_time":37605,"minecraft:fall_one_cm":23109},"minecraft:killed":{"minecraft:cat":1,"minecraft:pig":8,"minecraft:iron_golem":2,"minecraft:sheep":8,"minecraft:horse":4,"minecraft:skeleton":4,"minecraft:zombie":3,"minecraft:player":3,"minecraft:cow":11}},"DataVersion":3700}