{"stats":{"minecraft:killed_by":{"minecraft:player":2},"minecraft:used":{"minecraft:oak_planks":17,"minecraft:stone_pickaxe":28,"minecraft:poppy":8,"minecraft:wooden_pickaxe":13,"minecraft:dirt":12,"minecraft:crafting_table":10,"minecraft:carrot":21,"minecraft:smoker":2,"minecraft:wooden_axe":130,"minecraft:apple":3,"minecraft:grass_block":21,"minecraft:bread":16,"minecraft:stone_axe":211,"minecraft:cobblestone":7,"minecraft:beef":2,"minecraft:hay_block":5,"minecraft:furnace":1,"minecraft:oak_sapling":1,"minecraft:potato":5,"minecraft:gray_wool":1,"minecraft:seagrass":1},"minecraft:dropped":{"minecraft:wheat_seeds":37,"minecraft:wheat":8,"minecraft:beetroot":2,"minecraft:rotten_flesh":5,"minecraft:dirt":8,"minecraft:cobblestone_slab":6,"minecraft:oak_button":2,"minecraft:beetroot_seeds":3,"minecraft:wooden_axe":1,"minecraft:wooden_shovel":1,"minecraft:wooden_pickaxe":1},"minecraft:picked_up":{"minecraft:charcoal":2,"minecraft:seagrass":1,"minecraft:crafting_table":10,"minecraft:wheat":8,"minecraft:feather":3,"minecraft:chicken":4,"minecraft:leather":34,"minecraft:lead":2,"minecraft:smoker":3,"minecraft:potato":16,"minecraft:oak_log":144,"minecraft:brewing_stand":1,"minecraft:gunpowder":2,"minecraft:dirt":20,"minecraft:string":7,"minecraft:bone":3,"minecraft:beetroot":2,"minecraft:apple":7,"minecraft:wheat_seeds":37,"minecraft:iron_ingot":18,"minecraft:beef":37,"minecraft:poppy":8,"minecraft:sugar_cane":6,"minecraft:oak_planks":15,"minecraft:furnace":1,"minecraft:porkchop":23,"minecraft:blast_furnace":2,"minecraft:carrot":44,"minecraft:netherite_pickaxe":1,"minecraft:arrow":6,"minecraft:rotten_flesh":5,"minecraft:beetroot_seeds":3,"minecraft:hay_block":31,"minecraft:gray_wool":1,"minecraft:emerald":1,"minecraft:oak_button":1,"minecraft:oak_sapling":1,"minecraft:mutton":12,"minecraft:white_wool":7,"minecraft:cobblestone":30},"minecraft:custom":{"minecraft:interact_with_furnace":3,"minecraft:mob_kills":69,"minecraft:interact_with_crafting_table":14,"minecraft:bell_ring":2,"minecraft:leave_game":4,"minecraft:time_since_death":51105,"minecraft:time_since_rest":51129,"minecraft:sprint_one_cm":212471,"minecraft:damage_taken":12447,"minecraft:walk_one_cm":101192,"minecraft:drop":34,"minecraft:damage_dealt":14543,"minecraft:player_kills":6,"minecraft:swim_one_cm":1437,"minecraft:talked_to_villager":13,"minecraft:fly_one_cm":302588,"minecraft:open_chest":14,"minecraft:crouch_one_cm":5814,"minecraft:play_time":61396,"minecraft:deaths":2,"minecraft:sneak_time":2465,"minecraft:walk_under_water_one_cm":67,"minecraft:jump":1273,"minecraft:walk_on_water_one_cm":1861,"minecraft:total_world_time":61396,"minecraft:interact_with_smoker":29,"minecraft:fall_one_cm":40260},"minecraft:killed":{"minecraft:cat":4,"minecraft:pig":12,"minecraft:iron_golem":5,"minecraft:wandering_trader":1,"minecraft:creeper":1,"minecraft:sheep":8,"minecraft:horse":5,"minecraft:skeleton":4,"minecraft:trader_llama":2,"minecraft:zombie":5,"minecraft:chicken":4,"minecraft:turtle":2,"minecraft:player":4,"minecraft:cow":15},"minecraft:crafted":{"minecraft:cooked_beef":34,"minecraft:oak_planks":72,"minecraft:wooden_shovel":1,"minecraft:cobblestone_slab":6,"minecraft:cooked_porkchop":23,"minecraft:crafting_table":1,"minecraft:cooked_chicken":4,"minecraft:wooden_pickaxe":1,"minecraft:furnace":1,"minecraft:stone_axe":3,"minecraft:bread":78,"minecraft:cooked_mutton":12,"minecraft:air":0,"minecraft:charcoal":12,"minecraft:shield":1,"minecraft:stick":24,"minecraft:iron_pickaxe":1,"minecraft:stone_pickaxe":1,"minecraft:wooden_axe":4,"minecraft:oak_button":1,"minecraft:wheat":234},"minecraft:broken":{"minecraft:stone_axe":2,"minecraft:wooden_axe":3},"minecraft:mined":{"minecraft:smoker":3,"minecraft:brewing_stand":1,"minecraft:crafting_table":10,"minecraft:short_grass":46,"minecraft:blast_furnace":2,"minecraft:grass_block":7,"minecraft:tall_grass":13,"minecraft:cobblestone":17,"minecraft:oak_planks":15,"minecraft:sugar_cane":2,"minecraft:hay_block":31,"minecraft:furnace":1,"minecraft:carrots":11,"minecraft:wheat":10,"minecraft:potatoes":4,"minecraft:oak_log":145,"minecraft:beetroots":1,"minecraft:dirt":9,"minecraft:stone":13,"minecraft:oak_leaves":12}},"DataVersion":3700}