{"stats":{"minecraft:mined":{"minecraft:crafting_table":1,"minecraft:short_grass":21,"minecraft:grass_block":4,"minecraft:oak_log":6,"minecraft:dirt":2,"minecraft:tall_grass":7,"minecraft:oak_leaves":3},"minecraft:crafted":{"minecraft:oak_planks":24,"minecraft:crafting_table":1,"minecraft:stick":4,"minecraft:wooden_axe":1,"minecraft:oak_button":1},"minecraft:picked_up":{"minecraft:crafting_table":1,"minecraft:leather":9,"minecraft:porkchop":6,"minecraft:oak_log":6,"minecraft:dirt":7,"minecraft:arrow":4,"minecraft:bone":3,"minecraft:rotten_flesh":1,"minecraft:wheat_seeds":3,"minecraft:beef":11,"minecraft:oak_button":1,"minecraft:oak_sapling":1},"minecraft:used":{"minecraft:wooden_axe":26,"minecraft:dirt":7,"minecraft:beef":2,"minecraft:crafting_table":1,"minecraft:oak_sapling":1},"minecraft:killed_by":{"minecraft:player":2},"minecraft:dropped":{"minecraft:wheat_seeds":3,"minecraft:oak_button":2,"minecraft:rotten_flesh":1},"minecraft:custom":{"minecraft:time_since_rest":3431,"minecraft:sprint_one_cm":39813,"minecraft:damage_taken":12170,"minecraft:walk_one_cm":26464,"minecraft:mob_kills":14,"minecraft:drop":6,"minecraft:damage_dealt":2367,"minecraft:talked_to_villager":1,"minecraft:interact_with_crafting_table":1,"minecraft:fly_one_cm":41628,"minecraft:open_chest":3,"minecraft:play_time":13698,"minecraft:deaths":2,"minecraft:sneak_time":1,"minecraft:jump":216,"minecraft:time_since_death":3407,"minecraft:total_world_time":13698,"minecraft:fall_one_cm":7675},"minecraft:killed":{"minecraft:horse":3,"minecraft:skeleton":3,"minecraft:zombie":1,"minecraft:pig":3,"minecraft:cow":3}},"DataVersion":3700}