{"stats":{"minecraft:killed_by":{"minecraft:endermite":1,"minecraft:player":4},"minecraft:used":{"minecraft:netherite_sword":16,"minecraft:flint_and_steel":2,"minecraft:poppy":8,"minecraft:chest":2,"minecraft:zombie_spawn_egg":2,"minecraft:dirt":12,"minecraft:anvil":1,"minecraft:carrot":21,"minecraft:glow_squid_spawn_egg":607,"minecraft:wooden_axe":130,"minecraft:grass_block":53,"minecraft:bow":95,"minecraft:beef":2,"minecraft:hay_block":5,"minecraft:oak_sapling":1,"minecraft:furnace":1,"minecraft:netherite_pickaxe":44,"minecraft:potato":5,"minecraft:seagrass":1,"minecraft:enchanted_golden_apple":2,"minecraft:stone_pickaxe":28,"minecraft:oak_planks":17,"minecraft:wooden_pickaxe":13,"minecraft:tnt":89,"minecraft:crafting_table":10,"minecraft:spruce_log":151,"minecraft:smoker":2,"minecraft:oak_log":17,"minecraft:apple":3,"minecraft:zombie_head":1,"minecraft:bread":16,"minecraft:netherite_axe":25,"minecraft:stone_axe":211,"minecraft:cobblestone":7,"minecraft:gray_wool":1,"minecraft:cobweb":14},"minecraft:picked_up":{"minecraft:seagrass":1,"minecraft:charcoal":2,"minecraft:crafting_table":10,"minecraft:wheat":8,"minecraft:chicken":4,"minecraft:anvil":1,"minecraft:lead":2,"minecraft:enchanted_book":11,"minecraft:brewing_stand":1,"minecraft:string":8,"minecraft:zombie_head":2,"minecraft:beetroot":2,"minecraft:beef":37,"minecraft:poppy":8,"minecraft:enchanted_golden_apple":60,"minecraft:sugar_cane":6,"minecraft:furnace":1,"minecraft:porkchop":23,"minecraft:carrot":44,"minecraft:netherite_pickaxe":3,"minecraft:zombie_spawn_egg":6,"minecraft:arrow":96,"minecraft:rotten_flesh":29,"minecraft:beetroot_seeds":3,"minecraft:hay_block":31,"minecraft:mutton":12,"minecraft:cobblestone":30,"minecraft:white_wool":7,"minecraft:stripped_oak_log":1,"minecraft:feather":3,"minecraft:glow_ink_sac":1042,"minecraft:leather":34,"minecraft:smoker":3,"minecraft:potato":16,"minecraft:oak_log":150,"minecraft:gunpowder":8,"minecraft:dirt":68,"minecraft:bone":3,"minecraft:apple":7,"minecraft:bow":2,"minecraft:wheat_seeds":46,"minecraft:iron_ingot":18,"minecraft:netherite_axe":2,"minecraft:oak_planks":15,"minecraft:blast_furnace":2,"minecraft:spider_eye":1,"minecraft:gray_wool":1,"minecraft:emerald":1,"minecraft:oak_button":1,"minecraft:oak_sapling":3},"minecraft:dropped":{"minecraft:enchanted_book":12,"minecraft:netherite_pickaxe":1,"minecraft:wheat_seeds":39,"minecraft:oak_log":2,"minecraft:netherite_axe":2,"minecraft:dirt":8,"minecraft:wooden_axe":1,"minecraft:wheat":8,"minecraft:beetroot":2,"minecraft:rotten_flesh":11,"minecraft:stripped_oak_log":1,"minecraft:cobblestone_slab":6,"minecraft:oak_button":2,"minecraft:beetroot_seeds":3,"minecraft:wooden_shovel":1,"minecraft:wooden_pickaxe":1},"minecraft:custom":{"minecraft:mob_kills":102,"minecraft:interact_with_anvil":5,"minecraft:interact_with_crafting_table":14,"minecraft:bell_ring":2,"minecraft:leave_game":4,"minecraft:time_since_death":4190,"minecraft:damage_resisted":153,"minecraft:sprint_one_cm":241154,"minecraft:walk_one_cm":128523,"minecraft:drop":56,"minecraft:talked_to_villager":13,"minecraft:play_time":109396,"minecraft:deaths":7,"minecraft:sneak_time":3140,"minecraft:walk_under_water_one_cm":67,"minecraft:jump":1505,"minecraft:walk_on_water_one_cm":1861,"minecraft:total_world_time":109396,"minecraft:interact_with_furnace":3,"minecraft:time_since_rest":4238,"minecraft:damage_taken":14401,"minecraft:damage_absorbed":240,"minecraft:damage_dealt":18222,"minecraft:swim_one_cm":1437,"minecraft:fly_one_cm":578316,"minecraft:player_kills":8,"minecraft:open_chest":19,"minecraft:crouch_one_cm":6608,"minecraft:interact_with_smoker":29,"minecraft:fall_one_cm":49659},"minecraft:killed":{"minecraft:spider":2,"minecraft:horse":5,"minecraft:skeleton":4,"minecraft:chicken":4,"minecraft:turtle":2,"minecraft:cat":4,"minecraft:pig":12,"minecraft:iron_golem":5,"minecraft:wandering_trader":1,"minecraft:creeper":4,"minecraft:sheep":8,"minecraft:trader_llama":2,"minecraft:zombie":18,"minecraft:glow_squid":8,"minecraft:player":6,"minecraft:villager":2,"minecraft:cow":15},"minecraft:crafted":{"minecraft:oak_planks":72,"minecraft:cobblestone_slab":6,"minecraft:cooked_chicken":4,"minecraft:furnace":1,"minecraft:cooked_mutton":12,"minecraft:stone_pickaxe":1,"minecraft:oak_button":1,"minecraft:wheat":234,"minecraft:cooked_beef":34,"minecraft:wooden_shovel":1,"minecraft:cooked_porkchop":23,"minecraft:crafting_table":1,"minecraft:wooden_pickaxe":1,"minecraft:stone_axe":3,"minecraft:bread":78,"minecraft:air":0,"minecraft:charcoal":12,"minecraft:shield":1,"minecraft:stick":24,"minecraft:iron_pickaxe":1,"minecraft:wooden_axe":4},"minecraft:broken":{"minecraft:stone_axe":2,"minecraft:wooden_axe":3},"minecraft:mined":{"minecraft:brewing_stand":1,"minecraft:grass_block":7,"minecraft:spawner":40,"minecraft:hay_block":31,"minecraft:furnace":1,"minecraft:carrots":11,"minecraft:potatoes":4,"minecraft:stripped_oak_log":1,"minecraft:stone":13,"minecraft:smoker":3,"minecraft:crafting_table":10,"minecraft:short_grass":68,"minecraft:blast_furnace":2,"minecraft:chest":2,"minecraft:tall_grass":17,"minecraft:cobblestone":17,"minecraft:sugar_cane":2,"minecraft:oak_planks":15,"minecraft:wheat":10,"minecraft:oak_log":147,"minecraft:beetroots":1,"minecraft:dirt":9,"minecraft:oak_leaves":13}},"DataVersion":3700}