{"stats":{"minecraft:killed":{"minecraft:skeleton":1,"minecraft:spider":1,"minecraft:zombie_villager":1},"minecraft:used":{"minecraft:oak_leaves":12,"minecraft:diamond_block":1,"minecraft:grass_block":7,"minecraft:birch_leaves":3,"minecraft:quartz_block":1,"minecraft:netherite_axe":4,"minecraft:iron_sword":4},"minecraft:custom":{"minecraft:time_since_rest":29899,"minecraft:crouch_one_cm":910,"minecraft:sprint_one_cm":26169,"minecraft:play_time":29899,"minecraft:damage_taken":90,"minecraft:walk_one_cm":8366,"minecraft:sneak_time":497,"minecraft:walk_under_water_one_cm":680,"minecraft:mob_kills":3,"minecraft:jump":296,"minecraft:damage_dealt":650,"minecraft:leave_game":3,"minecraft:walk_on_water_one_cm":390,"minecraft:time_since_death":29899,"minecraft:total_world_time":29899,"minecraft:swim_one_cm":1911,"minecraft:fall_one_cm":5991,"minecraft:fly_one_cm":186212},"minecraft:picked_up":{"minecraft:arrow":1,"minecraft:bone":2,"minecraft:rotten_flesh":2}},"DataVersion":3700}