{"stats":{"minecraft:mined":{"minecraft:crafting_table":5,"minecraft:short_grass":26,"minecraft:grass_block":7,"minecraft:tall_grass":9,"minecraft:cobblestone":3,"minecraft:sugar_cane":1,"minecraft:hay_block":29,"minecraft:carrots":2,"minecraft:oak_log":22,"minecraft:dirt":8,"minecraft:stone":13,"minecraft:oak_leaves":7},"minecraft:broken":{"minecraft:wooden_axe":2},"minecraft:crafted":{"minecraft:oak_planks":72,"minecraft:wooden_shovel":1,"minecraft:cobblestone_slab":6,"minecraft:crafting_table":1,"minecraft:wooden_pickaxe":1,"minecraft:stone_axe":1,"minecraft:bread":72,"minecraft:stick":20,"minecraft:iron_pickaxe":1,"minecraft:stone_pickaxe":1,"minecraft:wooden_axe":3,"minecraft:oak_button":1,"minecraft:wheat":216},"minecraft:picked_up":{"minecraft:crafting_table":5,"minecraft:leather":25,"minecraft:potato":4,"minecraft:oak_log":22,"minecraft:dirt":16,"minecraft:bone":3,"minecraft:apple":7,"minecraft:wheat_seeds":4,"minecraft:beef":31,"minecraft:iron_ingot":9,"minecraft:poppy":4,"minecraft:sugar_cane":3,"minecraft:porkchop":6,"minecraft:carrot":7,"minecraft:arrow":4,"minecraft:rotten_flesh":1,"minecraft:hay_block":29,"minecraft:gray_wool":1,"minecraft:emerald":1,"minecraft:oak_button":1,"minecraft:oak_sapling":1,"minecraft:mutton":12,"minecraft:white_wool":7,"minecraft:cobblestone":16},"minecraft:used":{"minecraft:stone_pickaxe":3,"minecraft:poppy":4,"minecraft:wooden_pickaxe":13,"minecraft:dirt":8,"minecraft:crafting_table":5,"minecraft:carrot":2,"minecraft:wooden_axe":95,"minecraft:apple":3,"minecraft:bread":6,"minecraft:stone_axe":18,"minecraft:cobblestone":3,"minecraft:beef":2,"minecraft:hay_block":5,"minecraft:oak_sapling":1},"minecraft:killed_by":{"minecraft:player":2},"minecraft:dropped":{"minecraft:wheat_seeds":4,"minecraft:rotten_flesh":1,"minecraft:dirt":8,"minecraft:cobblestone_slab":6,"minecraft:oak_button":2,"minecraft:wooden_axe":1,"minecraft:wooden_shovel":1,"minecraft:wooden_pickaxe":1},"minecraft:custom":{"minecraft:mob_kills":33,"minecraft:interact_with_crafting_table":9,"minecraft:leave_game":1,"minecraft:time_since_death":19402,"minecraft:time_since_rest":19426,"minecraft:sprint_one_cm":93434,"minecraft:walk_one_cm":50907,"minecraft:damage_taken":12285,"minecraft:drop":12,"minecraft:damage_dealt":6706,"minecraft:swim_one_cm":1437,"minecraft:talked_to_villager":2,"minecraft:fly_one_cm":125732,"minecraft:player_kills":4,"minecraft:open_chest":4,"minecraft:crouch_one_cm":159,"minecraft:play_time":29693,"minecraft:deaths":2,"minecraft:sneak_time":527,"minecraft:walk_under_water_one_cm":67,"minecraft:jump":588,"minecraft:walk_on_water_one_cm":495,"minecraft:total_world_time":29693,"minecraft:fall_one_cm":19949},"minecraft:killed":{"minecraft:pig":3,"minecraft:iron_golem":2,"minecraft:sheep":8,"minecraft:horse":4,"minecraft:skeleton":3,"minecraft:zombie":1,"minecraft:player":3,"minecraft:cow":11}},"DataVersion":3700}