{
  "minecraft:recipes/decorations/crafting_table": {
    "criteria": {
      "unlock_right_away": "2024-07-28 03:28:49 +0000"
    },
    "done": true
  },
  "minecraft:adventure/adventuring_time": {
    "criteria": {
      "minecraft:flower_forest": "2024-07-28 03:50:08 +0000",
      "minecraft:sunflower_plains": "2024-07-28 03:28:50 +0000",
      "minecraft:stony_shore": "2024-07-28 03:29:17 +0000"
    },
    "done": false
  },
  "minecraft:recipes/redstone/dispenser": {
    "criteria": {
      "has_bow": "2024-07-28 03:35:32 +0000"
    },
    "done": true
  },
  "minecraft:adventure/throw_trident": {
    "criteria": {
      "shot_trident": "2024-07-28 03:36:04 +0000"
    },
    "done": true
  },
  "DataVersion": 3700
}